Neighbourhood,New Route Number/Name,Assessed Value,# of Adult Volunteers,# of Youth Volunteers,Routes Completed,Doors in Route,Time Spent,Donation Bags Collected,Ward/Branch,Stake
BEAUMONT,Gateway Stake 135,8015783.871,1.0,0.0,1.0,115.0,60.0,7,Beaumont Ward,Gateway Stake
BLACKMUD CREEK,Gateway Stake 120,503500.0,2.0,1.0,1.0,260.0,120.0,100,Blackmud Creek Ward,Gateway Stake
BLACKMUD CREEK,Gateway Stake 132,503500.0,2.0,3.0,1.0,240.0,60.0,35,Blackmud Creek Ward,Gateway Stake
BLACKMUD CREEK,Gateway Stake 136,503500.0,3.0,4.0,2.0,377.0,90.0,71,Blackmud Creek Ward,Gateway Stake
BLACKMUD CREEK,Gateway Stake 138,503500.0,2.0,3.0,1.0,200.0,60.0,25,Blackmud Creek Ward,Gateway Stake
BLACKMUD CREEK,Gateway Stake 14,503500.0,2.0,2.0,1.0,161.0,60.0,56,Blackmud Creek Ward,Gateway Stake
BLACKMUD CREEK,Gateway Stake 16,503500.0,4.0,3.0,1.0,109.0,60.0,21,Blackmud Creek Ward,Gateway Stake
BLACKMUD CREEK,Gateway Stake 165,503500.0,2.0,2.0,1.0,95.0,30.0,20,Blackmud Creek Ward,Gateway Stake
BLACKMUD CREEK,Gateway Stake 19,503500.0,1.0,1.0,1.0,156.0,90.0,50,Blackmud Creek Ward,Gateway Stake
BLACKMUD CREEK,Gateway Stake 20,503500.0,2.0,0.0,1.0,20.0,60.0,35,Blackmud Creek Ward,Gateway Stake
BLACKMUD CREEK,Gateway Stake 24,503500.0,2.0,3.0,1.0,134.0,60.0,55,Blackmud Creek Ward,Gateway Stake
BLACKMUD CREEK,Gateway Stake 26,503500.0,1.0,1.0,1.0,156.0,60.0,50,Blackmud Creek Ward,Gateway Stake
BLACKMUD CREEK,Gateway Stake 27,503500.0,1.0,0.0,1.0,4.0,30.0,1,Blackmud Creek Ward,Gateway Stake
BLACKMUD CREEK,Gateway Stake 36,503500.0,2.0,2.0,1.0,155.0,60.0,22,Blackmud Creek Ward,Gateway Stake
BLACKMUD CREEK,Gateway Stake 42,503500.0,2.0,2.0,1.0,153.0,90.0,35,Blackmud Creek Ward,Gateway Stake
BLACKMUD CREEK,Gateway Stake 49,503500.0,1.0,3.0,1.0,155.0,30.0,22,Blackmud Creek Ward,Gateway Stake
BLACKMUD CREEK,Gateway Stake 53,503500.0,2.0,2.0,1.0,130.0,60.0,20,Blackmud Creek Ward,Gateway Stake
BLACKMUD CREEK,Gateway Stake 56,503500.0,2.0,2.0,1.0,177.0,30.0,22,Blackmud Creek Ward,Gateway Stake
BLACKMUD CREEK,Gateway Stake 6,503500.0,2.0,0.0,1.0,135.0,30.0,26,Blackmud Creek Ward,Gateway Stake
BLACKMUD CREEK,Gateway Stake 64,503500.0,2.0,4.0,2.0,200.0,90.0,20,Blackmud Creek Ward,Gateway Stake
BLACKMUD CREEK,Gateway Stake 68,503500.0,2.0,2.0,1.0,30.0,60.0,40,Blackmud Creek Ward,Gateway Stake
BLACKMUD CREEK,Gateway Stake 7,503500.0,2.0,3.0,1.0,3.0,60.0,36,Blackmud Creek Ward,Gateway Stake
BLACKMUD CREEK,Gateway Stake 74,503500.0,2.0,0.0,1.0,30.0,60.0,20,Blackmud Creek Ward,Gateway Stake
BLACKMUD CREEK,Gateway Stake 76,503500.0,2.0,0.0,1.0,143.0,120.0,43,Blackmud Creek Ward,Gateway Stake
BLACKMUD CREEK,Gateway Stake 78,503500.0,2.0,3.0,1.0,260.0,90.0,32,Blackmud Creek Ward,Gateway Stake
BLACKMUD CREEK,Gateway Stake 81,503500.0,2.0,0.0,1.0,210.0,90.0,18,Blackmud Creek Ward,Gateway Stake
BLACKMUD CREEK,Gateway Stake 82,503500.0,2.0,4.0,2.0,190.0,120.0,20,Blackmud Creek Ward,Gateway Stake
BLACKMUD CREEK,Gateway Stake 9,503500.0,2.0,1.0,1.0,12.0,60.0,20,Blackmud Creek Ward,Gateway Stake
BLACKMUD CREEK,Gateway Stake 91,503500.0,3.0,0.0,1.0,90.0,30.0,30,Blackmud Creek Ward,Gateway Stake
BLACKMUD CREEK,Gateway Stake 92,503500.0,2.0,4.0,1.0,186.0,120.0,21,Blackmud Creek Ward,Gateway Stake
BLACKMUD CREEK,Gateway Stake 97,503500.0,2.0,6.0,2.0,300.0,120.0,50,Blackmud Creek Ward,Gateway Stake
CLAREVIEW,Bonnie Doon Stake 1,837500.0,1.0,0.0,1.0,1.0,30.0,1,Clareview Ward,Bonnie Doon Stake
CLAREVIEW,Bonnie Doon Stake 102,837500.0,2.0,1.0,1.0,0.0,30.0,5,Clareview Ward,Bonnie Doon Stake
CLAREVIEW,Bonnie Doon Stake 108,837500.0,1.0,1.0,2.0,150.0,120.0,45,Clareview Ward,Bonnie Doon Stake
CLAREVIEW,Bonnie Doon Stake 11,837500.0,1.0,2.0,1.0,30.0,30.0,22,Clareview Ward,Bonnie Doon Stake
CLAREVIEW,Bonnie Doon Stake 110,837500.0,1.0,0.0,1.0,40.0,60.0,15,Clareview Ward,Bonnie Doon Stake
CLAREVIEW,Bonnie Doon Stake 111,837500.0,2.0,1.0,1.0,150.0,60.0,15,Clareview Ward,Bonnie Doon Stake
CLAREVIEW,Bonnie Doon Stake 15,837500.0,2.0,2.0,1.0,99.0,30.0,24,Clareview Ward,Bonnie Doon Stake
CLAREVIEW,Bonnie Doon Stake 21,837500.0,1.0,0.0,1.0,10.0,30.0,12,Clareview Ward,Bonnie Doon Stake
CLAREVIEW,Bonnie Doon Stake 23,837500.0,2.0,0.0,1.0,125.0,30.0,20,Clareview Ward,Bonnie Doon Stake
CLAREVIEW,Bonnie Doon Stake 31,837500.0,2.0,0.0,1.0,0.0,120.0,9,Clareview Ward,Bonnie Doon Stake
CLAREVIEW,Bonnie Doon Stake 34,837500.0,1.0,2.0,1.0,230.0,60.0,42,Clareview Ward,Bonnie Doon Stake
CLAREVIEW,Bonnie Doon Stake 36,837500.0,1.0,1.0,1.0,300.0,60.0,54,Clareview Ward,Bonnie Doon Stake
CLAREVIEW,Bonnie Doon Stake 43,837500.0,6.0,0.0,1.0,190.0,60.0,26,Clareview Ward,Bonnie Doon Stake
CLAREVIEW,Bonnie Doon Stake 45,837500.0,1.0,1.0,1.0,0.0,30.0,18,Clareview Ward,Bonnie Doon Stake
CLAREVIEW,Bonnie Doon Stake 49,837500.0,3.0,0.0,1.0,200.0,60.0,33,Clareview Ward,Bonnie Doon Stake
CLAREVIEW,Bonnie Doon Stake 59,837500.0,2.0,2.0,1.0,0.0,90.0,24,Clareview Ward,Bonnie Doon Stake
CLAREVIEW,Bonnie Doon Stake 62,837500.0,2.0,2.0,1.0,110.0,90.0,30,Clareview Ward,Bonnie Doon Stake
CLAREVIEW,Bonnie Doon Stake 65,837500.0,2.0,1.0,1.0,60.0,30.0,16,Clareview Ward,Bonnie Doon Stake
CLAREVIEW,Bonnie Doon Stake 67,837500.0,2.0,0.0,1.0,9.0,30.0,9,Clareview Ward,Bonnie Doon Stake
CLAREVIEW,Bonnie Doon Stake 68,837500.0,2.0,2.0,1.0,110.0,90.0,30,Clareview Ward,Bonnie Doon Stake
CLAREVIEW,Bonnie Doon Stake 73,837500.0,1.0,2.0,1.0,160.0,90.0,19,Clareview Ward,Bonnie Doon Stake
CLAREVIEW,Bonnie Doon Stake 74,837500.0,2.0,1.0,1.0,126.0,30.0,9,Clareview Ward,Bonnie Doon Stake
CLAREVIEW,Bonnie Doon Stake 76,837500.0,2.0,0.0,2.0,19.0,90.0,19,Clareview Ward,Bonnie Doon Stake
CLAREVIEW,Bonnie Doon Stake 77,837500.0,1.0,1.0,3.0,300.0,30.0,27,Clareview Ward,Bonnie Doon Stake
CLAREVIEW,Bonnie Doon Stake 83,837500.0,0.0,2.0,1.0,0.0,60.0,30,Clareview Ward,Bonnie Doon Stake
CLAREVIEW,Bonnie Doon Stake 87,837500.0,1.0,0.0,2.0,65.0,90.0,70,Clareview Ward,Bonnie Doon Stake
CLAREVIEW,Bonnie Doon Stake 88,837500.0,2.0,0.0,3.0,49.0,120.0,73,Clareview Ward,Bonnie Doon Stake
CLAREVIEW,Bonnie Doon Stake 90,837500.0,1.0,0.0,2.0,225.0,90.0,80,Clareview Ward,Bonnie Doon Stake
CLAREVIEW,Bonnie Doon Stake 91,837500.0,2.0,2.0,2.0,90.0,60.0,17,Clareview Ward,Bonnie Doon Stake
CLAREVIEW,Bonnie Doon Stake 93,837500.0,2.0,2.0,2.0,125.0,60.0,21,Clareview Ward,Bonnie Doon Stake
CLAREVIEW,Bonnie Doon Stake 94,837500.0,2.0,1.0,1.0,18.0,30.0,25,Clareview Ward,Bonnie Doon Stake
CONNORS HILL,Bonnie Doon Stake 100,837500.0,4.0,0.0,1.0,167.0,30.0,25,Connors Hill Ward,Bonnie Doon Stake
CONNORS HILL,Bonnie Doon Stake 101,837500.0,1.0,0.0,2.0,522.0,120.0,80,Connors Hill Ward,Bonnie Doon Stake
CONNORS HILL,Bonnie Doon Stake 112,837500.0,1.0,2.0,1.0,100.0,30.0,15,Connors Hill Ward,Bonnie Doon Stake
CONNORS HILL,Bonnie Doon Stake 116,837500.0,1.0,0.0,1.0,200.0,60.0,100,Connors Hill Ward,Bonnie Doon Stake
CONNORS HILL,Bonnie Doon Stake 118,837500.0,5.0,0.0,1.0,202.0,90.0,26,Connors Hill Ward,Bonnie Doon Stake
CONNORS HILL,Bonnie Doon Stake 119,837500.0,2.0,0.0,1.0,150.0,60.0,23,Connors Hill Ward,Bonnie Doon Stake
CONNORS HILL,Bonnie Doon Stake 16,837500.0,2.0,2.0,1.0,75.0,30.0,8,Connors Hill Ward,Bonnie Doon Stake
CONNORS HILL,Bonnie Doon Stake 18,837500.0,2.0,0.0,1.0,194.0,30.0,21,Connors Hill Ward,Bonnie Doon Stake
CONNORS HILL,Bonnie Doon Stake 22,837500.0,1.0,4.0,1.0,115.0,30.0,4,Connors Hill Ward,Bonnie Doon Stake
CONNORS HILL,Bonnie Doon Stake 24,837500.0,3.0,0.0,1.0,195.0,90.0,40,Connors Hill Ward,Bonnie Doon Stake
CONNORS HILL,Bonnie Doon Stake 39,837500.0,2.0,3.0,1.0,90.0,60.0,12,Connors Hill Ward,Bonnie Doon Stake
CONNORS HILL,Bonnie Doon Stake 5,837500.0,2.0,4.0,1.0,0.0,60.0,30,Connors Hill Ward,Bonnie Doon Stake
CONNORS HILL,Bonnie Doon Stake 54,837500.0,3.0,0.0,2.0,192.0,90.0,11,Connors Hill Ward,Bonnie Doon Stake
CONNORS HILL,Bonnie Doon Stake 56,837500.0,2.0,0.0,1.0,235.0,60.0,21,Connors Hill Ward,Bonnie Doon Stake
CONNORS HILL,Bonnie Doon Stake 57,837500.0,2.0,0.0,3.0,200.0,90.0,20,Connors Hill Ward,Bonnie Doon Stake
CONNORS HILL,Bonnie Doon Stake 69,837500.0,2.0,0.0,1.0,212.0,60.0,16,Connors Hill Ward,Bonnie Doon Stake
CONNORS HILL,Bonnie Doon Stake 81,837500.0,1.0,2.0,2.0,185.0,120.0,25,Connors Hill Ward,Bonnie Doon Stake
CONNORS HILL,Bonnie Doon Stake 84,837500.0,2.0,0.0,1.0,242.0,90.0,46,Connors Hill Ward,Bonnie Doon Stake
CONNORS HILL,Bonnie Doon Stake 85,837500.0,2.0,0.0,1.0,150.0,60.0,25,Connors Hill Ward,Bonnie Doon Stake
CONNORS HILL,Bonnie Doon Stake 96,837500.0,2.0,3.0,2.0,241.0,30.0,23,Connors Hill Ward,Bonnie Doon Stake
CONNORS HILL,Bonnie Doon Stake 97,837500.0,4.0,0.0,1.0,167.0,30.0,30,Connors Hill Ward,Bonnie Doon Stake
CONNORS HILL,Bonnie Doon Stake 98,837500.0,2.0,1.0,1.0,25.0,90.0,12,Connors Hill Ward,Bonnie Doon Stake
CONNORS HILL,Bonnie Doon Stake 99,837500.0,2.0,3.0,2.0,209.0,30.0,15,Connors Hill Ward,Bonnie Doon Stake
CRAWFORD PLAINS,Gateway Stake 101,140000.0,2.0,2.0,1.0,100.0,60.0,12,Crawford Plains Ward,Gateway Stake
CRAWFORD PLAINS,Gateway Stake 103,140000.0,3.0,8.0,3.0,400.0,120.0,41,Crawford Plains Ward,Gateway Stake
CRAWFORD PLAINS,Gateway Stake 11,140000.0,3.0,0.0,3.0,340.0,90.0,30,Crawford Plains Ward,Gateway Stake
CRAWFORD PLAINS,Gateway Stake 111,140000.0,2.0,1.0,1.0,140.0,90.0,20,Crawford Plains Ward,Gateway Stake
CRAWFORD PLAINS,Gateway Stake 112,140000.0,2.0,4.0,2.0,245.0,60.0,25,Crawford Plains Ward,Gateway Stake
CRAWFORD PLAINS,Gateway Stake 119,140000.0,2.0,0.0,3.0,400.0,120.0,50,Crawford Plains Ward,Gateway Stake
CRAWFORD PLAINS,Gateway Stake 121,140000.0,1.0,2.0,1.0,134.0,90.0,30,Crawford Plains Ward,Gateway Stake
CRAWFORD PLAINS,Gateway Stake 123,140000.0,1.0,0.0,1.0,138.0,90.0,6,Crawford Plains Ward,Gateway Stake
CRAWFORD PLAINS,Gateway Stake 124,140000.0,2.0,2.0,1.0,119.0,30.0,14,Crawford Plains Ward,Gateway Stake
CRAWFORD PLAINS,Gateway Stake 125,140000.0,4.0,0.0,1.0,278.0,60.0,35,Crawford Plains Ward,Gateway Stake
CRAWFORD PLAINS,Gateway Stake 13,140000.0,4.0,0.0,2.0,116.0,60.0,50,Crawford Plains Ward,Gateway Stake
CRAWFORD PLAINS,Gateway Stake 140,140000.0,2.0,0.0,1.0,171.0,60.0,12,Crawford Plains Ward,Gateway Stake
CRAWFORD PLAINS,Gateway Stake 143,140000.0,2.0,2.0,2.0,257.0,90.0,31,Crawford Plains Ward,Gateway Stake
CRAWFORD PLAINS,Gateway Stake 149,140000.0,2.0,4.0,1.0,730.0,120.0,64,Crawford Plains Ward,Gateway Stake
CRAWFORD PLAINS,Gateway Stake 155,140000.0,1.0,0.0,2.0,260.0,120.0,200,Crawford Plains Ward,Gateway Stake
CRAWFORD PLAINS,Gateway Stake 25,140000.0,1.0,4.0,1.0,128.0,30.0,7,Crawford Plains Ward,Gateway Stake
CRAWFORD PLAINS,Gateway Stake 28,140000.0,2.0,0.0,1.0,140.0,60.0,21,Crawford Plains Ward,Gateway Stake
CRAWFORD PLAINS,Gateway Stake 29,140000.0,1.0,1.0,2.0,250.0,60.0,25,Crawford Plains Ward,Gateway Stake
CRAWFORD PLAINS,Gateway Stake 30,140000.0,3.0,0.0,1.0,100.0,30.0,20,Crawford Plains Ward,Gateway Stake
CRAWFORD PLAINS,Gateway Stake 32,140000.0,2.0,0.0,1.0,130.0,90.0,16,Crawford Plains Ward,Gateway Stake
CRAWFORD PLAINS,Gateway Stake 33,140000.0,1.0,0.0,1.0,1.0,30.0,2,Crawford Plains Ward,Gateway Stake
CRAWFORD PLAINS,Gateway Stake 39,140000.0,2.0,0.0,1.0,131.0,60.0,20,Crawford Plains Ward,Gateway Stake
CRAWFORD PLAINS,Gateway Stake 44,140000.0,2.0,3.0,2.0,280.0,120.0,48,Crawford Plains Ward,Gateway Stake
CRAWFORD PLAINS,Gateway Stake 45,140000.0,4.0,1.0,3.0,431.0,90.0,37,Crawford Plains Ward,Gateway Stake
CRAWFORD PLAINS,Gateway Stake 48,140000.0,4.0,1.0,2.0,271.0,60.0,27,Crawford Plains Ward,Gateway Stake
CRAWFORD PLAINS,Gateway Stake 5,140000.0,2.0,0.0,2.0,280.0,60.0,32,Crawford Plains Ward,Gateway Stake
CRAWFORD PLAINS,Gateway Stake 61,140000.0,3.0,2.0,2.0,123.0,60.0,38,Crawford Plains Ward,Gateway Stake
CRAWFORD PLAINS,Gateway Stake 65,140000.0,2.0,0.0,1.0,110.0,30.0,50,Crawford Plains Ward,Gateway Stake
CRAWFORD PLAINS,Gateway Stake 73,140000.0,1.0,2.0,2.0,100.0,60.0,50,Crawford Plains Ward,Gateway Stake
CRAWFORD PLAINS,Gateway Stake 77,140000.0,2.0,2.0,2.0,265.0,90.0,30,Crawford Plains Ward,Gateway Stake
CRAWFORD PLAINS,Gateway Stake 79,140000.0,2.0,2.0,1.0,140.0,60.0,30,Crawford Plains Ward,Gateway Stake
CRAWFORD PLAINS,Gateway Stake 85,140000.0,2.0,0.0,2.0,246.0,60.0,30,Crawford Plains Ward,Gateway Stake
CRAWFORD PLAINS,Gateway Stake 86,140000.0,2.0,3.0,1.0,131.0,60.0,25,Crawford Plains Ward,Gateway Stake
CRAWFORD PLAINS,Gateway Stake 93,140000.0,2.0,2.0,2.0,200.0,60.0,30,Crawford Plains Ward,Gateway Stake
DEVON,Riverbend Stake 17,703525.0,2.0,0.0,1.0,150.0,90.0,20,Devon Ward,Riverbend Stake
ELLERSLIE,Gateway Stake 100,797500.0,2.0,1.0,2.0,176.0,90.0,20,Ellerslie Ward,Gateway Stake
ELLERSLIE,Gateway Stake 106,797500.0,1.0,1.0,3.0,200.0,30.0,58,Ellerslie Ward,Gateway Stake
ELLERSLIE,Gateway Stake 107,797500.0,3.0,2.0,1.0,207.0,60.0,36,Ellerslie Ward,Gateway Stake
ELLERSLIE,Gateway Stake 108,797500.0,1.0,1.0,2.0,100.0,90.0,30,Ellerslie Ward,Gateway Stake
ELLERSLIE,Gateway Stake 110,797500.0,2.0,2.0,2.0,205.0,60.0,10,Ellerslie Ward,Gateway Stake
ELLERSLIE,Gateway Stake 113,797500.0,2.0,4.0,3.0,300.0,90.0,75,Ellerslie Ward,Gateway Stake
ELLERSLIE,Gateway Stake 114,797500.0,2.0,3.0,2.0,230.0,60.0,42,Ellerslie Ward,Gateway Stake
ELLERSLIE,Gateway Stake 118,797500.0,1.0,5.0,2.0,239.0,30.0,32,Ellerslie Ward,Gateway Stake
ELLERSLIE,Gateway Stake 127,797500.0,2.0,3.0,1.0,205.0,60.0,25,Ellerslie Ward,Gateway Stake
ELLERSLIE,Gateway Stake 129,797500.0,2.0,5.0,1.0,216.0,90.0,46,Ellerslie Ward,Gateway Stake
ELLERSLIE,Gateway Stake 133,797500.0,2.0,1.0,2.0,500.0,60.0,62,Ellerslie Ward,Gateway Stake
ELLERSLIE,Gateway Stake 137,797500.0,2.0,0.0,1.0,140.0,30.0,17,Ellerslie Ward,Gateway Stake
ELLERSLIE,Gateway Stake 152,797500.0,2.0,0.0,1.0,225.0,60.0,30,Ellerslie Ward,Gateway Stake
ELLERSLIE,Gateway Stake 18,797500.0,2.0,3.0,2.0,180.0,30.0,19,Ellerslie Ward,Gateway Stake
ELLERSLIE,Gateway Stake 34,797500.0,2.0,2.0,1.0,210.0,60.0,20,Ellerslie Ward,Gateway Stake
ELLERSLIE,Gateway Stake 37,797500.0,2.0,2.0,1.0,200.0,60.0,35,Ellerslie Ward,Gateway Stake
ELLERSLIE,Gateway Stake 40,797500.0,1.0,2.0,1.0,100.0,30.0,20,Ellerslie Ward,Gateway Stake
ELLERSLIE,Gateway Stake 50,797500.0,2.0,4.0,2.0,198.0,30.0,33,Ellerslie Ward,Gateway Stake
ELLERSLIE,Gateway Stake 52,797500.0,2.0,2.0,1.0,25.0,60.0,32,Ellerslie Ward,Gateway Stake
ELLERSLIE,Gateway Stake 87,797500.0,2.0,0.0,1.0,236.0,90.0,40,Ellerslie Ward,Gateway Stake
FOREST HEIGHTS,Bonnie Doon Stake 10,837500.0,2.0,2.0,1.0,167.0,30.0,20,Forest Heights Ward,Bonnie Doon Stake
FOREST HEIGHTS,Bonnie Doon Stake 104,837500.0,2.0,2.0,1.0,225.0,30.0,20,Forest Heights Ward,Bonnie Doon Stake
FOREST HEIGHTS,Bonnie Doon Stake 114,837500.0,1.0,0.0,1.0,50.0,30.0,20,Forest Heights Ward,Bonnie Doon Stake
FOREST HEIGHTS,Bonnie Doon Stake 115,837500.0,1.0,0.0,1.0,235.0,60.0,21,Forest Heights Ward,Bonnie Doon Stake
FOREST HEIGHTS,Bonnie Doon Stake 2,837500.0,2.0,2.0,1.0,20.0,30.0,15,Forest Heights Ward,Bonnie Doon Stake
FOREST HEIGHTS,Bonnie Doon Stake 20,837500.0,1.0,3.0,1.0,150.0,30.0,12,Forest Heights Ward,Bonnie Doon Stake
FOREST HEIGHTS,Bonnie Doon Stake 26,837500.0,1.0,1.0,1.0,200.0,90.0,30,Forest Heights Ward,Bonnie Doon Stake
FOREST HEIGHTS,Bonnie Doon Stake 28,837500.0,2.0,2.0,1.0,150.0,30.0,18,Forest Heights Ward,Bonnie Doon Stake
FOREST HEIGHTS,Bonnie Doon Stake 29,837500.0,2.0,2.0,1.0,200.0,90.0,23,Forest Heights Ward,Bonnie Doon Stake
FOREST HEIGHTS,Bonnie Doon Stake 3,837500.0,2.0,0.0,1.0,75.0,30.0,7,Forest Heights Ward,Bonnie Doon Stake
FOREST HEIGHTS,Bonnie Doon Stake 42,837500.0,2.0,0.0,1.0,75.0,60.0,15,Forest Heights Ward,Bonnie Doon Stake
FOREST HEIGHTS,Bonnie Doon Stake 47,837500.0,2.0,3.0,1.0,250.0,60.0,39,Forest Heights Ward,Bonnie Doon Stake
FOREST HEIGHTS,Bonnie Doon Stake 58,837500.0,2.0,0.0,1.0,225.0,60.0,30,Forest Heights Ward,Bonnie Doon Stake
FOREST HEIGHTS,Bonnie Doon Stake 61,837500.0,3.0,4.0,1.0,160.0,90.0,35,Forest Heights Ward,Bonnie Doon Stake
FOREST HEIGHTS,Bonnie Doon Stake 64,837500.0,2.0,4.0,1.0,225.0,90.0,22,Forest Heights Ward,Bonnie Doon Stake
FOREST HEIGHTS,Bonnie Doon Stake 66,837500.0,2.0,1.0,1.0,150.0,60.0,22,Forest Heights Ward,Bonnie Doon Stake
FOREST HEIGHTS,Bonnie Doon Stake 78,837500.0,1.0,0.0,1.0,50.0,60.0,10,Forest Heights Ward,Bonnie Doon Stake
FOREST HEIGHTS,Bonnie Doon Stake 8,837500.0,2.0,1.0,1.0,125.0,30.0,7,Forest Heights Ward,Bonnie Doon Stake
FOREST HEIGHTS,Bonnie Doon Stake 9,837500.0,2.0,0.0,1.0,100.0,30.0,12,Forest Heights Ward,Bonnie Doon Stake
FOREST HEIGHTS,Bonnie Doon Stake 95,837500.0,3.0,0.0,1.0,200.0,120.0,30,Forest Heights Ward,Bonnie Doon Stake
GREENFIELD,Riverbend Stake 107,295500.0,2.0,3.0,1.0,120.0,60.0,31,Greenfield Ward,Riverbend Stake
GREENFIELD,Riverbend Stake 108,295500.0,2.0,3.0,1.0,200.0,90.0,100,Greenfield Ward,Riverbend Stake
GREENFIELD,Riverbend Stake 109,295500.0,2.0,0.0,1.0,211.0,60.0,47,Greenfield Ward,Riverbend Stake
GREENFIELD,Riverbend Stake 111,295500.0,1.0,0.0,1.0,140.0,90.0,33,Greenfield Ward,Riverbend Stake
GREENFIELD,Riverbend Stake 12,295500.0,2.0,2.0,1.0,100.0,60.0,40,Greenfield Ward,Riverbend Stake
GREENFIELD,Riverbend Stake 13,295500.0,2.0,2.0,1.0,140.0,60.0,50,Greenfield Ward,Riverbend Stake
GREENFIELD,Riverbend Stake 22,295500.0,2.0,2.0,1.0,210.0,60.0,24,Greenfield Ward,Riverbend Stake
GREENFIELD,Riverbend Stake 24,295500.0,4.0,0.0,1.0,150.0,60.0,17,Greenfield Ward,Riverbend Stake
GREENFIELD,Riverbend Stake 34,295500.0,2.0,4.0,1.0,120.0,60.0,16,Greenfield Ward,Riverbend Stake
GREENFIELD,Riverbend Stake 39,295500.0,2.0,2.0,1.0,197.0,60.0,45,Greenfield Ward,Riverbend Stake
GREENFIELD,Riverbend Stake 45,295500.0,2.0,3.0,1.0,209.0,90.0,80,Greenfield Ward,Riverbend Stake
GREENFIELD,Riverbend Stake 60,295500.0,1.0,1.0,1.0,184.0,90.0,45,Greenfield Ward,Riverbend Stake
GREENFIELD,Riverbend Stake 65,295500.0,2.0,3.0,1.0,210.0,60.0,25,Greenfield Ward,Riverbend Stake
GREENFIELD,Riverbend Stake 66,295500.0,2.0,4.0,1.0,200.0,60.0,49,Greenfield Ward,Riverbend Stake
GREENFIELD,Riverbend Stake 72,295500.0,2.0,3.0,1.0,180.0,90.0,42,Greenfield Ward,Riverbend Stake
GREENFIELD,Riverbend Stake 74,295500.0,2.0,3.0,1.0,211.0,60.0,37,Greenfield Ward,Riverbend Stake
GREENFIELD,Riverbend Stake 75,295500.0,2.0,0.0,1.0,500.0,60.0,38,Greenfield Ward,Riverbend Stake
GREENFIELD,Riverbend Stake 83,295500.0,2.0,2.0,1.0,200.0,60.0,42,Greenfield Ward,Riverbend Stake
GREENFIELD,Riverbend Stake 87,295500.0,2.0,0.0,1.0,150.0,90.0,41,Greenfield Ward,Riverbend Stake
GREENFIELD,Riverbend Stake 89,295500.0,2.0,3.0,1.0,219.0,90.0,50,Greenfield Ward,Riverbend Stake
GREENFIELD,Riverbend Stake 97,295500.0,2.0,4.0,1.0,100.0,60.0,28,Greenfield Ward,Riverbend Stake
GRIESBACH,Edmonton North Stake 1,6666500.0,2.0,3.0,1.0,215.0,60.0,38,Griesbach Ward,Edmonton North Stake
GRIESBACH,Edmonton North Stake 11,6666500.0,2.0,2.0,1.0,180.0,30.0,15,Griesbach Ward,Edmonton North Stake
GRIESBACH,Edmonton North Stake 13,6666500.0,2.0,0.0,1.0,150.0,90.0,33,Griesbach Ward,Edmonton North Stake
GRIESBACH,Edmonton North Stake 15,6666500.0,4.0,0.0,2.0,500.0,60.0,32,Griesbach Ward,Edmonton North Stake
GRIESBACH,Edmonton North Stake 16,6666500.0,1.0,0.0,1.0,1.0,30.0,1,Griesbach Ward,Edmonton North Stake
GRIESBACH,Edmonton North Stake 17,6666500.0,1.0,2.0,2.0,650.0,60.0,48,Griesbach Ward,Edmonton North Stake
GRIESBACH,Edmonton North Stake 18,6666500.0,4.0,0.0,2.0,301.0,60.0,19,Griesbach Ward,Edmonton North Stake
GRIESBACH,Edmonton North Stake 20,6666500.0,1.0,3.0,1.0,96.0,30.0,16,Griesbach Ward,Edmonton North Stake
GRIESBACH,Edmonton North Stake 21,6666500.0,2.0,0.0,1.0,160.0,120.0,32,Griesbach Ward,Edmonton North Stake
GRIESBACH,Edmonton North Stake 25,6666500.0,2.0,0.0,1.0,150.0,60.0,16,Griesbach Ward,Edmonton North Stake
GRIESBACH,Edmonton North Stake 26,6666500.0,3.0,0.0,2.0,300.0,60.0,24,Griesbach Ward,Edmonton North Stake
GRIESBACH,Edmonton North Stake 30,6666500.0,3.0,0.0,3.0,800.0,120.0,66,Griesbach Ward,Edmonton North Stake
GRIESBACH,Edmonton North Stake 31,6666500.0,2.0,5.0,1.0,142.0,60.0,20,Griesbach Ward,Edmonton North Stake
GRIESBACH,Edmonton North Stake 33,6666500.0,2.0,0.0,1.0,800.0,120.0,57,Griesbach Ward,Edmonton North Stake
GRIESBACH,Edmonton North Stake 35,6666500.0,1.0,2.0,1.0,212.0,30.0,20,Griesbach Ward,Edmonton North Stake
GRIESBACH,Edmonton North Stake 37,6666500.0,3.0,4.0,1.0,32.0,60.0,30,Griesbach Ward,Edmonton North Stake
GRIESBACH,Edmonton North Stake 38,6666500.0,2.0,0.0,1.0,950.0,120.0,133,Griesbach Ward,Edmonton North Stake
GRIESBACH,Edmonton North Stake 39,6666500.0,3.0,1.0,2.0,313.0,90.0,45,Griesbach Ward,Edmonton North Stake
GRIESBACH,Edmonton North Stake 40,6666500.0,3.0,1.0,1.0,140.0,30.0,18,Griesbach Ward,Edmonton North Stake
GRIESBACH,Edmonton North Stake 41,6666500.0,3.0,0.0,2.0,300.0,90.0,47,Griesbach Ward,Edmonton North Stake
GRIESBACH,Edmonton North Stake 42,6666500.0,1.0,4.0,2.0,200.0,60.0,40,Griesbach Ward,Edmonton North Stake
GRIESBACH,Edmonton North Stake 6,6666500.0,1.0,2.0,1.0,60.0,60.0,20,Griesbach Ward,Edmonton North Stake
GRIESBACH,Edmonton North Stake 7,6666500.0,2.0,0.0,1.0,80.0,30.0,6,Griesbach Ward,Edmonton North Stake
GRIESBACH,Edmonton North Stake 9,6666500.0,2.0,0.0,1.0,166.0,60.0,20,Griesbach Ward,Edmonton North Stake
LEE RIDGE,Gateway Stake 105,28618500.0,1.0,2.0,1.0,166.0,90.0,24,Lee Ridge Ward,Gateway Stake
LEE RIDGE,Gateway Stake 115,28618500.0,2.0,2.0,3.0,0.0,30.0,55,Lee Ridge Ward,Gateway Stake
LEE RIDGE,Gateway Stake 117,28618500.0,2.0,2.0,1.0,159.0,60.0,15,Lee Ridge Ward,Gateway Stake
LEE RIDGE,Gateway Stake 12,28618500.0,2.0,1.0,1.0,148.0,60.0,28,Lee Ridge Ward,Gateway Stake
LEE RIDGE,Gateway Stake 126,28618500.0,1.0,1.0,1.0,152.0,60.0,30,Lee Ridge Ward,Gateway Stake
LEE RIDGE,Gateway Stake 130,28618500.0,2.0,2.0,3.0,410.0,90.0,45,Lee Ridge Ward,Gateway Stake
LEE RIDGE,Gateway Stake 131,28618500.0,1.0,2.0,1.0,146.0,90.0,25,Lee Ridge Ward,Gateway Stake
LEE RIDGE,Gateway Stake 139,28618500.0,4.0,0.0,1.0,155.0,30.0,21,Lee Ridge Ward,Gateway Stake
LEE RIDGE,Gateway Stake 146,28618500.0,2.0,1.0,2.0,160.0,60.0,29,Lee Ridge Ward,Gateway Stake
LEE RIDGE,Gateway Stake 15,28618500.0,2.0,0.0,1.0,170.0,30.0,30,Lee Ridge Ward,Gateway Stake
LEE RIDGE,Gateway Stake 151,28618500.0,1.0,1.0,1.0,146.0,60.0,22,Lee Ridge Ward,Gateway Stake
LEE RIDGE,Gateway Stake 153,28618500.0,4.0,4.0,3.0,11.0,90.0,16,Lee Ridge Ward,Gateway Stake
LEE RIDGE,Gateway Stake 154,28618500.0,4.0,4.0,3.0,158.0,90.0,24,Lee Ridge Ward,Gateway Stake
LEE RIDGE,Gateway Stake 156,28618500.0,2.0,0.0,1.0,159.0,90.0,29,Lee Ridge Ward,Gateway Stake
LEE RIDGE,Gateway Stake 157,28618500.0,4.0,4.0,3.0,153.0,90.0,25,Lee Ridge Ward,Gateway Stake
LEE RIDGE,Gateway Stake 161,28618500.0,2.0,4.0,1.0,169.0,30.0,18,Lee Ridge Ward,Gateway Stake
LEE RIDGE,Gateway Stake 162,28618500.0,4.0,4.0,1.0,165.0,30.0,23,Lee Ridge Ward,Gateway Stake
LEE RIDGE,Gateway Stake 163,28618500.0,4.0,4.0,1.0,166.0,30.0,10,Lee Ridge Ward,Gateway Stake
LEE RIDGE,Gateway Stake 164,28618500.0,2.0,4.0,1.0,163.0,30.0,17,Lee Ridge Ward,Gateway Stake
LEE RIDGE,Gateway Stake 166,28618500.0,2.0,0.0,1.0,175.0,60.0,30,Lee Ridge Ward,Gateway Stake
LEE RIDGE,Gateway Stake 169,28618500.0,1.0,1.0,2.0,136.0,30.0,21,Lee Ridge Ward,Gateway Stake
LEE RIDGE,Gateway Stake 170,28618500.0,1.0,1.0,2.0,166.0,30.0,8,Lee Ridge Ward,Gateway Stake
LEE RIDGE,Gateway Stake 2,28618500.0,2.0,2.0,1.0,20.0,30.0,20,Lee Ridge Ward,Gateway Stake
LEE RIDGE,Gateway Stake 21,28618500.0,2.0,1.0,1.0,165.0,60.0,18,Lee Ridge Ward,Gateway Stake
LEE RIDGE,Gateway Stake 22,28618500.0,1.0,0.0,1.0,1.0,30.0,10,Lee Ridge Ward,Gateway Stake
LEE RIDGE,Gateway Stake 23,28618500.0,1.0,2.0,1.0,140.0,60.0,12,Lee Ridge Ward,Gateway Stake
LEE RIDGE,Gateway Stake 3,28618500.0,2.0,3.0,2.0,144.0,60.0,25,Lee Ridge Ward,Gateway Stake
LEE RIDGE,Gateway Stake 31,28618500.0,2.0,3.0,1.0,130.0,60.0,35,Lee Ridge Ward,Gateway Stake
LEE RIDGE,Gateway Stake 35,28618500.0,4.0,2.0,1.0,173.0,60.0,17,Lee Ridge Ward,Gateway Stake
LEE RIDGE,Gateway Stake 38,28618500.0,2.0,0.0,1.0,154.0,60.0,28,Lee Ridge Ward,Gateway Stake
LEE RIDGE,Gateway Stake 41,28618500.0,1.0,3.0,1.0,169.0,90.0,20,Lee Ridge Ward,Gateway Stake
LEE RIDGE,Gateway Stake 54,28618500.0,2.0,0.0,1.0,200.0,120.0,25,Lee Ridge Ward,Gateway Stake
LEE RIDGE,Gateway Stake 58,28618500.0,2.0,3.0,2.0,219.0,60.0,28,Lee Ridge Ward,Gateway Stake
LEE RIDGE,Gateway Stake 71,28618500.0,2.0,0.0,1.0,142.0,120.0,20,Lee Ridge Ward,Gateway Stake
LEE RIDGE,Gateway Stake 72,28618500.0,1.0,4.0,1.0,166.0,90.0,32,Lee Ridge Ward,Gateway Stake
LEE RIDGE,Gateway Stake 80,28618500.0,1.0,1.0,1.0,145.0,60.0,26,Lee Ridge Ward,Gateway Stake
LEE RIDGE,Gateway Stake 84,28618500.0,3.0,0.0,2.0,100.0,30.0,27,Lee Ridge Ward,Gateway Stake
LEE RIDGE,Gateway Stake 88,28618500.0,1.0,4.0,1.0,19.0,30.0,22,Lee Ridge Ward,Gateway Stake
LEE RIDGE,Gateway Stake 89,28618500.0,5.0,2.0,1.0,27.0,90.0,31,Lee Ridge Ward,Gateway Stake
LEE RIDGE,Gateway Stake 94,28618500.0,1.0,2.0,2.0,147.0,90.0,36,Lee Ridge Ward,Gateway Stake
LEE RIDGE,Gateway Stake 95,28618500.0,2.0,0.0,1.0,137.0,60.0,28,Lee Ridge Ward,Gateway Stake
LEE RIDGE,Gateway Stake 98,28618500.0,1.0,2.0,1.0,0.0,90.0,45,Lee Ridge Ward,Gateway Stake
LONDONDERRY,Bonnie Doon Stake 103,837500.0,1.0,1.0,1.0,8.0,60.0,10,Londonderry Ward,Bonnie Doon Stake
LONDONDERRY,Bonnie Doon Stake 105,837500.0,2.0,0.0,1.0,40.0,60.0,3,Londonderry Ward,Bonnie Doon Stake
LONDONDERRY,Bonnie Doon Stake 106,837500.0,3.0,0.0,2.0,50.0,120.0,50,Londonderry Ward,Bonnie Doon Stake
LONDONDERRY,Bonnie Doon Stake 107,837500.0,2.0,0.0,2.0,131.0,30.0,9,Londonderry Ward,Bonnie Doon Stake
LONDONDERRY,Bonnie Doon Stake 109,837500.0,2.0,0.0,1.0,15.0,30.0,12,Londonderry Ward,Bonnie Doon Stake
LONDONDERRY,Bonnie Doon Stake 113,837500.0,2.0,0.0,1.0,50.0,90.0,15,Londonderry Ward,Bonnie Doon Stake
LONDONDERRY,Bonnie Doon Stake 12,837500.0,1.0,3.0,1.0,7.0,30.0,10,Londonderry Ward,Bonnie Doon Stake
LONDONDERRY,Bonnie Doon Stake 13,837500.0,2.0,0.0,1.0,40.0,120.0,15,Londonderry Ward,Bonnie Doon Stake
LONDONDERRY,Bonnie Doon Stake 14,837500.0,1.0,0.0,1.0,60.0,30.0,17,Londonderry Ward,Bonnie Doon Stake
LONDONDERRY,Bonnie Doon Stake 17,837500.0,2.0,0.0,1.0,13.0,60.0,14,Londonderry Ward,Bonnie Doon Stake
LONDONDERRY,Bonnie Doon Stake 19,837500.0,2.0,3.0,1.0,15.0,60.0,18,Londonderry Ward,Bonnie Doon Stake
LONDONDERRY,Bonnie Doon Stake 25,837500.0,0.0,2.0,1.0,177.0,60.0,19,Londonderry Ward,Bonnie Doon Stake
LONDONDERRY,Bonnie Doon Stake 27,837500.0,1.0,1.0,1.0,0.0,90.0,51,Londonderry Ward,Bonnie Doon Stake
LONDONDERRY,Bonnie Doon Stake 30,837500.0,2.0,0.0,2.0,40.0,60.0,26,Londonderry Ward,Bonnie Doon Stake
LONDONDERRY,Bonnie Doon Stake 37,837500.0,2.0,1.0,2.0,300.0,60.0,55,Londonderry Ward,Bonnie Doon Stake
LONDONDERRY,Bonnie Doon Stake 38,837500.0,1.0,4.0,1.0,29.0,60.0,29,Londonderry Ward,Bonnie Doon Stake
LONDONDERRY,Bonnie Doon Stake 4,837500.0,2.0,3.0,1.0,21.0,60.0,23,Londonderry Ward,Bonnie Doon Stake
LONDONDERRY,Bonnie Doon Stake 40,837500.0,2.0,0.0,1.0,0.0,60.0,20,Londonderry Ward,Bonnie Doon Stake
LONDONDERRY,Bonnie Doon Stake 41,837500.0,2.0,0.0,1.0,15.0,60.0,15,Londonderry Ward,Bonnie Doon Stake
LONDONDERRY,Bonnie Doon Stake 44,837500.0,1.0,0.0,1.0,20.0,60.0,24,Londonderry Ward,Bonnie Doon Stake
LONDONDERRY,Bonnie Doon Stake 46,837500.0,2.0,3.0,2.0,16.0,60.0,16,Londonderry Ward,Bonnie Doon Stake
LONDONDERRY,Bonnie Doon Stake 48,837500.0,1.0,0.0,1.0,200.0,60.0,22,Londonderry Ward,Bonnie Doon Stake
LONDONDERRY,Bonnie Doon Stake 50,837500.0,2.0,0.0,1.0,96.0,30.0,7,Londonderry Ward,Bonnie Doon Stake
LONDONDERRY,Bonnie Doon Stake 51,837500.0,2.0,0.0,1.0,104.0,60.0,13,Londonderry Ward,Bonnie Doon Stake
LONDONDERRY,Bonnie Doon Stake 53,837500.0,2.0,2.0,1.0,17.0,60.0,17,Londonderry Ward,Bonnie Doon Stake
LONDONDERRY,Bonnie Doon Stake 55,837500.0,1.0,1.0,2.0,24.0,60.0,30,Londonderry Ward,Bonnie Doon Stake
LONDONDERRY,Bonnie Doon Stake 6,837500.0,2.0,0.0,1.0,18.0,30.0,18,Londonderry Ward,Bonnie Doon Stake
LONDONDERRY,Bonnie Doon Stake 7,837500.0,2.0,1.0,1.0,10.0,30.0,12,Londonderry Ward,Bonnie Doon Stake
LONDONDERRY,Bonnie Doon Stake 71,837500.0,1.0,2.0,1.0,6.0,30.0,7,Londonderry Ward,Bonnie Doon Stake
LONDONDERRY,Bonnie Doon Stake 79,837500.0,2.0,0.0,1.0,31.0,60.0,39,Londonderry Ward,Bonnie Doon Stake
LONDONDERRY,Bonnie Doon Stake 80,837500.0,2.0,0.0,1.0,50.0,90.0,40,Londonderry Ward,Bonnie Doon Stake
LONDONDERRY,Bonnie Doon Stake 82,837500.0,2.0,0.0,1.0,30.0,90.0,40,Londonderry Ward,Bonnie Doon Stake
LONDONDERRY,Bonnie Doon Stake 86,837500.0,2.0,9.0,1.0,20.0,60.0,26,Londonderry Ward,Bonnie Doon Stake
LONDONDERRY,Bonnie Doon Stake 92,837500.0,2.0,3.0,2.0,16.0,30.0,19,Londonderry Ward,Bonnie Doon Stake
MILL CREEK YSA,YSA Stake 1,837500.0,3.0,0.0,1.0,66.0,60.0,15,Mill Creek YSA Ward,YSA Stake
NAMAO,Edmonton North Stake 10,6666500.0,2.0,0.0,1.0,1751.0,30.0,14,Namao Ward,Edmonton North Stake
NAMAO,Edmonton North Stake 12,6666500.0,5.0,4.0,1.0,286.0,60.0,29,Namao Ward,Edmonton North Stake
NAMAO,Edmonton North Stake 14,6666500.0,2.0,0.0,1.0,152.0,60.0,23,Namao Ward,Edmonton North Stake
NAMAO,Edmonton North Stake 19,6666500.0,1.0,1.0,1.0,240.0,60.0,31,Namao Ward,Edmonton North Stake
NAMAO,Edmonton North Stake 2,6666500.0,1.0,0.0,1.0,0.0,30.0,12,Namao Ward,Edmonton North Stake
NAMAO,Edmonton North Stake 22,6666500.0,3.0,0.0,1.0,135.0,90.0,14,Namao Ward,Edmonton North Stake
NAMAO,Edmonton North Stake 23,6666500.0,2.0,1.0,1.0,106.0,60.0,23,Namao Ward,Edmonton North Stake
NAMAO,Edmonton North Stake 24,6666500.0,2.0,0.0,1.0,200.0,60.0,22,Namao Ward,Edmonton North Stake
NAMAO,Edmonton North Stake 27,6666500.0,2.0,2.0,2.0,70.0,60.0,7,Namao Ward,Edmonton North Stake
NAMAO,Edmonton North Stake 28,6666500.0,1.0,4.0,1.0,100.0,120.0,18,Namao Ward,Edmonton North Stake
NAMAO,Edmonton North Stake 29,6666500.0,2.0,2.0,1.0,498.0,120.0,55,Namao Ward,Edmonton North Stake
NAMAO,Edmonton North Stake 3,6666500.0,2.0,0.0,1.0,217.0,60.0,13,Namao Ward,Edmonton North Stake
NAMAO,Edmonton North Stake 32,6666500.0,5.0,10.0,1.0,800.0,90.0,95,Namao Ward,Edmonton North Stake
NAMAO,Edmonton North Stake 34,6666500.0,1.0,1.0,1.0,433.0,60.0,39,Namao Ward,Edmonton North Stake
NAMAO,Edmonton North Stake 36,6666500.0,2.0,2.0,3.0,400.0,120.0,123,Namao Ward,Edmonton North Stake
NAMAO,Edmonton North Stake 4,6666500.0,1.0,1.0,1.0,200.0,90.0,35,Namao Ward,Edmonton North Stake
NAMAO,Edmonton North Stake 43,6666500.0,1.0,0.0,1.0,151.0,90.0,16,Namao Ward,Edmonton North Stake
NAMAO,Edmonton North Stake 5,6666500.0,2.0,0.0,1.0,170.0,90.0,32,Namao Ward,Edmonton North Stake
NAMAO,Edmonton North Stake 8,6666500.0,5.0,10.0,1.0,1000.0,120.0,56,Namao Ward,Edmonton North Stake
RABBIT HILL,Riverbend Stake 10,703525.0,2.0,2.0,1.0,191.0,90.0,30,Rabbit Hill Ward,Riverbend Stake
RABBIT HILL,Riverbend Stake 101,703525.0,3.0,0.0,2.0,132.0,90.0,19,Rabbit Hill Ward,Riverbend Stake
RABBIT HILL,Riverbend Stake 102,703525.0,2.0,0.0,2.0,289.0,90.0,40,Rabbit Hill Ward,Riverbend Stake
RABBIT HILL,Riverbend Stake 103,703525.0,3.0,0.0,2.0,122.0,90.0,20,Rabbit Hill Ward,Riverbend Stake
RABBIT HILL,Riverbend Stake 110,703525.0,2.0,1.0,1.0,58.0,30.0,6,Rabbit Hill Ward,Riverbend Stake
RABBIT HILL,Riverbend Stake 19,703525.0,2.0,2.0,2.0,242.0,90.0,26,Rabbit Hill Ward,Riverbend Stake
RABBIT HILL,Riverbend Stake 27,703525.0,2.0,0.0,2.0,95.0,30.0,15,Rabbit Hill Ward,Riverbend Stake
RABBIT HILL,Riverbend Stake 35,703525.0,4.0,3.0,2.0,145.0,90.0,21,Rabbit Hill Ward,Riverbend Stake
RABBIT HILL,Riverbend Stake 38,703525.0,2.0,2.0,3.0,500.0,90.0,58,Rabbit Hill Ward,Riverbend Stake
RABBIT HILL,Riverbend Stake 43,703525.0,3.0,1.0,2.0,354.0,90.0,59,Rabbit Hill Ward,Riverbend Stake
RABBIT HILL,Riverbend Stake 44,703525.0,1.0,5.0,2.0,66.0,30.0,12,Rabbit Hill Ward,Riverbend Stake
RABBIT HILL,Riverbend Stake 53,703525.0,2.0,4.0,1.0,127.0,90.0,58,Rabbit Hill Ward,Riverbend Stake
RABBIT HILL,Riverbend Stake 54,703525.0,2.0,0.0,2.0,175.0,90.0,25,Rabbit Hill Ward,Riverbend Stake
RABBIT HILL,Riverbend Stake 58,703525.0,4.0,2.0,2.0,428.0,120.0,75,Rabbit Hill Ward,Riverbend Stake
RABBIT HILL,Riverbend Stake 6,703525.0,2.0,0.0,1.0,100.0,30.0,10,Rabbit Hill Ward,Riverbend Stake
RABBIT HILL,Riverbend Stake 62,703525.0,3.0,2.0,1.0,500.0,90.0,65,Rabbit Hill Ward,Riverbend Stake
RABBIT HILL,Riverbend Stake 71,703525.0,2.0,0.0,3.0,282.0,60.0,54,Rabbit Hill Ward,Riverbend Stake
RABBIT HILL,Riverbend Stake 78,703525.0,3.0,0.0,1.0,215.0,90.0,38,Rabbit Hill Ward,Riverbend Stake
RABBIT HILL,Riverbend Stake 79,703525.0,2.0,0.0,1.0,302.0,90.0,65,Rabbit Hill Ward,Riverbend Stake
RABBIT HILL,Riverbend Stake 86,703525.0,2.0,0.0,1.0,132.0,30.0,16,Rabbit Hill Ward,Riverbend Stake
RABBIT HILL,Riverbend Stake 9,703525.0,2.0,1.0,1.0,280.0,60.0,40,Rabbit Hill Ward,Riverbend Stake
RABBIT HILL,Riverbend Stake 91,703525.0,2.0,1.0,3.0,175.0,90.0,40,Rabbit Hill Ward,Riverbend Stake
RABBIT HILL,Riverbend Stake 92,703525.0,1.0,5.0,2.0,132.0,120.0,22,Rabbit Hill Ward,Riverbend Stake
RABBIT HILL,Riverbend Stake 95,703525.0,2.0,1.0,3.0,181.0,120.0,60,Rabbit Hill Ward,Riverbend Stake
RABBIT HILL,Riverbend Stake 98,703525.0,2.0,3.0,2.0,200.0,90.0,60,Rabbit Hill Ward,Riverbend Stake
RIO VISTA,Gateway Stake 104,8015783.871,1.0,0.0,1.0,138.0,30.0,4,Rio Vista Ward,Gateway Stake
RIO VISTA,Gateway Stake 116,8015783.871,1.0,1.0,2.0,312.0,90.0,150,Rio Vista Ward,Gateway Stake
RIO VISTA,Gateway Stake 122,8015783.871,2.0,0.0,2.0,270.0,60.0,50,Rio Vista Ward,Gateway Stake
RIO VISTA,Gateway Stake 134,8015783.871,2.0,1.0,1.0,149.0,60.0,25,Rio Vista Ward,Gateway Stake
RIO VISTA,Gateway Stake 142,8015783.871,1.0,3.0,1.0,151.0,60.0,34,Rio Vista Ward,Gateway Stake
RIO VISTA,Gateway Stake 144,8015783.871,1.0,4.0,1.0,300.0,90.0,40,Rio Vista Ward,Gateway Stake
RIO VISTA,Gateway Stake 158,8015783.871,2.0,2.0,3.0,126.0,90.0,20,Rio Vista Ward,Gateway Stake
RIO VISTA,Gateway Stake 57,8015783.871,2.0,2.0,2.0,120.0,90.0,40,Rio Vista Ward,Gateway Stake
RIO VISTA,Gateway Stake 59,8015783.871,2.0,4.0,1.0,125.0,60.0,33,Rio Vista Ward,Gateway Stake
RIO VISTA,Gateway Stake 62,8015783.871,1.0,0.0,1.0,135.0,30.0,17,Rio Vista Ward,Gateway Stake
RIO VISTA,Gateway Stake 70,8015783.871,2.0,3.0,1.0,35.0,30.0,6,Rio Vista Ward,Gateway Stake
RUTHERFORD,Riverbend Stake 100,1154500.0,2.0,4.0,1.0,158.0,30.0,24,Rutherford Ward,Riverbend Stake
RUTHERFORD,Riverbend Stake 15,1154500.0,2.0,2.0,1.0,205.0,60.0,21,Rutherford Ward,Riverbend Stake
RUTHERFORD,Riverbend Stake 18,1154500.0,2.0,0.0,1.0,187.0,60.0,45,Rutherford Ward,Riverbend Stake
RUTHERFORD,Riverbend Stake 20,1154500.0,2.0,0.0,1.0,97.0,60.0,15,Rutherford Ward,Riverbend Stake
RUTHERFORD,Riverbend Stake 26,1154500.0,3.0,2.0,2.0,204.0,30.0,26,Rutherford Ward,Riverbend Stake
RUTHERFORD,Riverbend Stake 30,1154500.0,2.0,0.0,1.0,174.0,90.0,17,Rutherford Ward,Riverbend Stake
RUTHERFORD,Riverbend Stake 32,1154500.0,2.0,2.0,1.0,100.0,30.0,9,Rutherford Ward,Riverbend Stake
RUTHERFORD,Riverbend Stake 33,1154500.0,2.0,2.0,1.0,172.0,30.0,16,Rutherford Ward,Riverbend Stake
RUTHERFORD,Riverbend Stake 41,1154500.0,2.0,0.0,1.0,139.0,60.0,19,Rutherford Ward,Riverbend Stake
RUTHERFORD,Riverbend Stake 42,1154500.0,3.0,0.0,2.0,350.0,90.0,45,Rutherford Ward,Riverbend Stake
RUTHERFORD,Riverbend Stake 5,1154500.0,2.0,0.0,1.0,174.0,60.0,23,Rutherford Ward,Riverbend Stake
RUTHERFORD,Riverbend Stake 56,1154500.0,2.0,4.0,1.0,136.0,30.0,20,Rutherford Ward,Riverbend Stake
RUTHERFORD,Riverbend Stake 64,1154500.0,3.0,0.0,1.0,329.0,60.0,15,Rutherford Ward,Riverbend Stake
RUTHERFORD,Riverbend Stake 8,1154500.0,1.0,2.0,1.0,169.0,60.0,11,Rutherford Ward,Riverbend Stake
RUTHERFORD,Riverbend Stake 80,1154500.0,2.0,2.0,2.0,360.0,90.0,30,Rutherford Ward,Riverbend Stake
RUTHERFORD,Riverbend Stake 82,1154500.0,4.0,2.0,2.0,289.0,90.0,55,Rutherford Ward,Riverbend Stake
RUTHERFORD,Riverbend Stake 94,1154500.0,1.0,0.0,1.0,150.0,60.0,20,Rutherford Ward,Riverbend Stake
RUTHERFORD,Riverbend Stake 96,1154500.0,2.0,3.0,1.0,142.0,30.0,23,Rutherford Ward,Riverbend Stake
RUTHERFORD,Riverbend Stake 99,1154500.0,2.0,1.0,1.0,159.0,60.0,19,Rutherford Ward,Riverbend Stake
SILVER BERRY,Gateway Stake 10,162000.0,2.0,0.0,1.0,236.0,30.0,16,Silver Berry Ward,Gateway Stake
SILVER BERRY,Gateway Stake 102,162000.0,2.0,0.0,1.0,174.0,60.0,25,Silver Berry Ward,Gateway Stake
SILVER BERRY,Gateway Stake 109,162000.0,2.0,4.0,1.0,264.0,60.0,35,Silver Berry Ward,Gateway Stake
SILVER BERRY,Gateway Stake 128,162000.0,3.0,0.0,1.0,168.0,30.0,25,Silver Berry Ward,Gateway Stake
SILVER BERRY,Gateway Stake 141,162000.0,3.0,4.0,3.0,188.0,60.0,27,Silver Berry Ward,Gateway Stake
SILVER BERRY,Gateway Stake 145,162000.0,1.0,4.0,1.0,245.0,60.0,28,Silver Berry Ward,Gateway Stake
SILVER BERRY,Gateway Stake 147,162000.0,3.0,0.0,1.0,233.0,30.0,30,Silver Berry Ward,Gateway Stake
SILVER BERRY,Gateway Stake 148,162000.0,2.0,2.0,1.0,180.0,90.0,20,Silver Berry Ward,Gateway Stake
SILVER BERRY,Gateway Stake 150,162000.0,2.0,2.0,1.0,339.0,90.0,40,Silver Berry Ward,Gateway Stake
SILVER BERRY,Gateway Stake 159,162000.0,3.0,4.0,3.0,206.0,60.0,32,Silver Berry Ward,Gateway Stake
SILVER BERRY,Gateway Stake 160,162000.0,3.0,4.0,3.0,202.0,60.0,27,Silver Berry Ward,Gateway Stake
SILVER BERRY,Gateway Stake 17,162000.0,1.0,0.0,1.0,12.0,60.0,11,Silver Berry Ward,Gateway Stake
SILVER BERRY,Gateway Stake 4,162000.0,1.0,0.0,1.0,230.0,60.0,21,Silver Berry Ward,Gateway Stake
SILVER BERRY,Gateway Stake 43,162000.0,3.0,0.0,1.0,241.0,60.0,50,Silver Berry Ward,Gateway Stake
SILVER BERRY,Gateway Stake 47,162000.0,3.0,1.0,1.0,230.0,90.0,21,Silver Berry Ward,Gateway Stake
SILVER BERRY,Gateway Stake 51,162000.0,2.0,2.0,1.0,168.0,90.0,16,Silver Berry Ward,Gateway Stake
SILVER BERRY,Gateway Stake 55,162000.0,2.0,1.0,1.0,174.0,90.0,32,Silver Berry Ward,Gateway Stake
SILVER BERRY,Gateway Stake 60,162000.0,6.0,4.0,2.0,250.0,90.0,30,Silver Berry Ward,Gateway Stake
SILVER BERRY,Gateway Stake 63,162000.0,3.0,2.0,1.0,168.0,60.0,20,Silver Berry Ward,Gateway Stake
SILVER BERRY,Gateway Stake 66,162000.0,3.0,1.0,1.0,170.0,30.0,9,Silver Berry Ward,Gateway Stake
SILVER BERRY,Gateway Stake 67,162000.0,2.0,0.0,2.0,478.0,90.0,30,Silver Berry Ward,Gateway Stake
SILVER BERRY,Gateway Stake 69,162000.0,4.0,1.0,1.0,80.0,30.0,31,Silver Berry Ward,Gateway Stake
SILVER BERRY,Gateway Stake 75,162000.0,2.0,0.0,1.0,239.0,90.0,24,Silver Berry Ward,Gateway Stake
SILVER BERRY,Gateway Stake 8,162000.0,3.0,4.0,1.0,117.0,60.0,30,Silver Berry Ward,Gateway Stake
SILVER BERRY,Gateway Stake 83,162000.0,2.0,0.0,1.0,150.0,90.0,20,Silver Berry Ward,Gateway Stake
SILVER BERRY,Gateway Stake 90,162000.0,1.0,3.0,1.0,236.0,60.0,32,Silver Berry Ward,Gateway Stake
SILVER BERRY,Gateway Stake 96,162000.0,3.0,0.0,1.0,175.0,30.0,30,Silver Berry Ward,Gateway Stake
SILVER BERRY,Gateway Stake 99,162000.0,4.0,1.0,1.0,203.0,90.0,30,Silver Berry Ward,Gateway Stake
SOUTHGATE,Bonnie Doon Stake 117,837500.0,3.0,0.0,1.0,375.0,90.0,58,Southgate Ward,Bonnie Doon Stake
SOUTHGATE,Bonnie Doon Stake 32,837500.0,2.0,0.0,1.0,150.0,60.0,40,Southgate Ward,Bonnie Doon Stake
SOUTHGATE,Bonnie Doon Stake 33,837500.0,2.0,0.0,1.0,128.0,60.0,12,Southgate Ward,Bonnie Doon Stake
SOUTHGATE,Bonnie Doon Stake 35,837500.0,2.0,0.0,1.0,151.0,60.0,18,Southgate Ward,Bonnie Doon Stake
SOUTHGATE,Bonnie Doon Stake 52,837500.0,2.0,0.0,1.0,143.0,60.0,20,Southgate Ward,Bonnie Doon Stake
SOUTHGATE,Bonnie Doon Stake 60,837500.0,2.0,2.0,1.0,108.0,30.0,15,Southgate Ward,Bonnie Doon Stake
SOUTHGATE,Bonnie Doon Stake 63,837500.0,2.0,0.0,1.0,123.0,120.0,15,Southgate Ward,Bonnie Doon Stake
SOUTHGATE,Bonnie Doon Stake 70,837500.0,2.0,0.0,1.0,147.0,60.0,23,Southgate Ward,Bonnie Doon Stake
SOUTHGATE,Bonnie Doon Stake 72,837500.0,2.0,0.0,3.0,300.0,90.0,56,Southgate Ward,Bonnie Doon Stake
SOUTHGATE,Bonnie Doon Stake 75,837500.0,2.0,4.0,1.0,158.0,90.0,35,Southgate Ward,Bonnie Doon Stake
SOUTHGATE,Bonnie Doon Stake 89,837500.0,2.0,2.0,2.0,150.0,120.0,46,Southgate Ward,Bonnie Doon Stake
TERWILLEGAR PARK,Riverbend Stake 105,703525.0,1.0,1.0,1.0,250.0,120.0,62,Terwillegar Park Ward,Riverbend Stake
TERWILLEGAR PARK,Riverbend Stake 112,703525.0,3.0,0.0,1.0,121.0,90.0,45,Terwillegar Park Ward,Riverbend Stake
TERWILLEGAR PARK,Riverbend Stake 16,703525.0,2.0,3.0,1.0,150.0,60.0,30,Terwillegar Park Ward,Riverbend Stake
TERWILLEGAR PARK,Riverbend Stake 21,703525.0,2.0,0.0,2.0,200.0,90.0,70,Terwillegar Park Ward,Riverbend Stake
TERWILLEGAR PARK,Riverbend Stake 23,703525.0,1.0,1.0,1.0,40.0,90.0,40,Terwillegar Park Ward,Riverbend Stake
TERWILLEGAR PARK,Riverbend Stake 25,703525.0,2.0,1.0,1.0,205.0,90.0,34,Terwillegar Park Ward,Riverbend Stake
TERWILLEGAR PARK,Riverbend Stake 28,703525.0,1.0,1.0,2.0,350.0,90.0,47,Terwillegar Park Ward,Riverbend Stake
TERWILLEGAR PARK,Riverbend Stake 31,703525.0,2.0,3.0,1.0,195.0,30.0,16,Terwillegar Park Ward,Riverbend Stake
TERWILLEGAR PARK,Riverbend Stake 36,703525.0,6.0,3.0,1.0,171.0,60.0,50,Terwillegar Park Ward,Riverbend Stake
TERWILLEGAR PARK,Riverbend Stake 37,703525.0,2.0,1.0,1.0,223.0,120.0,100,Terwillegar Park Ward,Riverbend Stake
TERWILLEGAR PARK,Riverbend Stake 40,703525.0,5.0,0.0,2.0,326.0,90.0,53,Terwillegar Park Ward,Riverbend Stake
TERWILLEGAR PARK,Riverbend Stake 46,703525.0,4.0,0.0,1.0,346.0,90.0,73,Terwillegar Park Ward,Riverbend Stake
TERWILLEGAR PARK,Riverbend Stake 47,703525.0,4.0,0.0,1.0,250.0,60.0,54,Terwillegar Park Ward,Riverbend Stake
TERWILLEGAR PARK,Riverbend Stake 50,703525.0,1.0,4.0,1.0,250.0,90.0,56,Terwillegar Park Ward,Riverbend Stake
TERWILLEGAR PARK,Riverbend Stake 51,703525.0,2.0,0.0,1.0,160.0,90.0,42,Terwillegar Park Ward,Riverbend Stake
TERWILLEGAR PARK,Riverbend Stake 52,703525.0,3.0,0.0,1.0,195.0,90.0,29,Terwillegar Park Ward,Riverbend Stake
TERWILLEGAR PARK,Riverbend Stake 55,703525.0,4.0,9.0,1.0,171.0,90.0,26,Terwillegar Park Ward,Riverbend Stake
TERWILLEGAR PARK,Riverbend Stake 57,703525.0,3.0,2.0,1.0,164.0,90.0,30,Terwillegar Park Ward,Riverbend Stake
TERWILLEGAR PARK,Riverbend Stake 59,703525.0,1.0,2.0,1.0,100.0,60.0,12,Terwillegar Park Ward,Riverbend Stake
TERWILLEGAR PARK,Riverbend Stake 63,703525.0,5.0,0.0,2.0,326.0,60.0,53,Terwillegar Park Ward,Riverbend Stake
TERWILLEGAR PARK,Riverbend Stake 67,703525.0,1.0,2.0,1.0,262.0,90.0,40,Terwillegar Park Ward,Riverbend Stake
TERWILLEGAR PARK,Riverbend Stake 68,703525.0,2.0,0.0,1.0,150.0,60.0,34,Terwillegar Park Ward,Riverbend Stake
TERWILLEGAR PARK,Riverbend Stake 69,703525.0,2.0,4.0,2.0,312.0,120.0,60,Terwillegar Park Ward,Riverbend Stake
TERWILLEGAR PARK,Riverbend Stake 73,703525.0,2.0,2.0,1.0,101.0,90.0,19,Terwillegar Park Ward,Riverbend Stake
TERWILLEGAR PARK,Riverbend Stake 77,703525.0,3.0,1.0,1.0,192.0,90.0,37,Terwillegar Park Ward,Riverbend Stake
TERWILLEGAR PARK,Riverbend Stake 81,703525.0,2.0,3.0,2.0,300.0,90.0,40,Terwillegar Park Ward,Riverbend Stake
TERWILLEGAR PARK,Riverbend Stake 85,703525.0,1.0,2.0,2.0,182.0,120.0,43,Terwillegar Park Ward,Riverbend Stake
TERWILLEGAR PARK,Riverbend Stake 88,703525.0,3.0,0.0,1.0,1030.0,120.0,100,Terwillegar Park Ward,Riverbend Stake
TERWILLEGAR PARK,Riverbend Stake 90,703525.0,2.0,0.0,1.0,283.0,90.0,51,Terwillegar Park Ward,Riverbend Stake
TERWILLEGAR PARK,Riverbend Stake 93,703525.0,2.0,3.0,2.0,350.0,90.0,49,Terwillegar Park Ward,Riverbend Stake
WAINWRIGHT BRANCH,Gateway Stake 167,8015783.871,2.0,0.0,2.0,99.0,120.0,11,Wainwright Branch,Gateway Stake
WAINWRIGHT BRANCH,Gateway Stake 168,8015783.871,2.0,0.0,2.0,153.0,120.0,13,Wainwright Branch,Gateway Stake
WHITEMUD CREEK YSA,YSA Stake 2,837500.0,1.0,0.0,1.0,208.0,60.0,12,Whitemud Creek YSA Ward,YSA Stake
WHITEMUD CREEK YSA,YSA Stake 3,837500.0,1.0,0.0,1.0,208.0,60.0,12,Whitemud Creek YSA Ward,YSA Stake
WHITEMUD CREEK YSA,YSA Stake 4,12339825.0,2.0,0.0,1.0,153.0,30.0,8,Whitemud Creek YSA Ward,YSA Stake
WILD ROSE,Gateway Stake 46,118500.0,2.0,2.0,1.0,100.0,60.0,25,Wild Rose Ward,Gateway Stake
WOODBEND,Riverbend Stake 104,703525.0,3.0,0.0,1.0,110.0,30.0,10,Woodbend Ward,Riverbend Stake
WOODBEND,Riverbend Stake 106,703525.0,2.0,2.0,1.0,60.0,90.0,35,Woodbend Ward,Riverbend Stake
WOODBEND,Riverbend Stake 11,703525.0,2.0,2.0,1.0,100.0,30.0,12,Woodbend Ward,Riverbend Stake
WOODBEND,Riverbend Stake 14,703525.0,1.0,2.0,1.0,125.0,30.0,28,Woodbend Ward,Riverbend Stake
WOODBEND,Riverbend Stake 2,703525.0,3.0,3.0,1.0,45.0,90.0,15,Woodbend Ward,Riverbend Stake
WOODBEND,Riverbend Stake 29,703525.0,2.0,0.0,1.0,167.0,60.0,25,Woodbend Ward,Riverbend Stake
WOODBEND,Riverbend Stake 3,703525.0,2.0,4.0,1.0,172.0,60.0,18,Woodbend Ward,Riverbend Stake
WOODBEND,Riverbend Stake 4,703525.0,3.0,2.0,1.0,50.0,60.0,8,Woodbend Ward,Riverbend Stake
WOODBEND,Riverbend Stake 48,703525.0,4.0,4.0,1.0,100.0,30.0,25,Woodbend Ward,Riverbend Stake
WOODBEND,Riverbend Stake 49,703525.0,4.0,1.0,1.0,60.0,60.0,14,Woodbend Ward,Riverbend Stake
WOODBEND,Riverbend Stake 61,703525.0,1.0,3.0,2.0,600.0,120.0,118,Woodbend Ward,Riverbend Stake
WOODBEND,Riverbend Stake 7,703525.0,1.0,2.0,1.0,100.0,30.0,6,Woodbend Ward,Riverbend Stake
WOODBEND,Riverbend Stake 70,703525.0,2.0,4.0,1.0,250.0,60.0,47,Woodbend Ward,Riverbend Stake
WOODBEND,Riverbend Stake 76,703525.0,2.0,4.0,1.0,300.0,90.0,50,Woodbend Ward,Riverbend Stake
WOODBEND,Riverbend Stake 84,703525.0,2.0,2.0,1.0,300.0,60.0,35,Woodbend Ward,Riverbend Stake
